"Si_No","TestCase_No","Status","=HYPERLINK(""Screenshot_Path"")"
"4","TC_04","PASS","=HYPERLINK(""C:\Users\biswa\eclipse-workspace\BiswajitFramework\RESULT\2023\August\14\Screenshot\09_23_29_TC_04.png"")"
"9","TC_09","PASS","=HYPERLINK(""C:\Users\biswa\eclipse-workspace\BiswajitFramework\RESULT\2023\August\14\Screenshot\09_23_31_TC_09.png"")"
"16","TC_16","PASS","=HYPERLINK(""C:\Users\biswa\eclipse-workspace\BiswajitFramework\RESULT\2023\August\14\Screenshot\09_23_43_TC_16.png"")"
"30","TC_30","PASS","=HYPERLINK(""C:\Users\biswa\eclipse-workspace\BiswajitFramework\RESULT\2023\August\14\Screenshot\09_24_05_TC_30.png"")"
"38","TC_38","PASS","=HYPERLINK(""C:\Users\biswa\eclipse-workspace\BiswajitFramework\RESULT\2023\August\14\Screenshot\09_24_39_TC_38.png"")"
"Si_No","TestCase_No","Status","=HYPERLINK(""Screenshot_Path"")"
"4","TC_04","PASS","=HYPERLINK(""C:\Users\biswa\eclipse-workspace\BiswajitFramework\RESULT\2023\August\14\Screenshot\09_41_34_TC_04.png"")"
"9","TC_09","PASS","=HYPERLINK(""C:\Users\biswa\eclipse-workspace\BiswajitFramework\RESULT\2023\August\14\Screenshot\09_41_36_TC_09.png"")"
"16","TC_16","PASS","=HYPERLINK(""C:\Users\biswa\eclipse-workspace\BiswajitFramework\RESULT\2023\August\14\Screenshot\09_41_47_TC_16.png"")"
"29","TC_29","PASS","=HYPERLINK(""C:\Users\biswa\eclipse-workspace\BiswajitFramework\RESULT\2023\August\14\Screenshot\09_42_09_TC_29.png"")"
"37","TC_37","PASS","=HYPERLINK(""C:\Users\biswa\eclipse-workspace\BiswajitFramework\RESULT\2023\August\14\Screenshot\09_42_43_TC_37.png"")"
"Si_No","TestCase_No","Status","=HYPERLINK(""Screenshot_Path"")"
"4","TC_04","PASS","=HYPERLINK(""C:\Users\biswa\eclipse-workspace\BiswajitFramework\RESULT\2023\August\14\Screenshot\09_46_30_TC_04.png"")"
"9","TC_09","PASS","=HYPERLINK(""C:\Users\biswa\eclipse-workspace\BiswajitFramework\RESULT\2023\August\14\Screenshot\09_46_32_TC_09.png"")"
"Si_No","TestCase_No","Status","=HYPERLINK(""Screenshot_Path"")"
"4","TC_04","PASS","=HYPERLINK(""C:\Users\biswa\eclipse-workspace\BiswajitFramework\RESULT\2023\August\14\Screenshot\09_47_47_TC_04.png"")"
"9","TC_09","PASS","=HYPERLINK(""C:\Users\biswa\eclipse-workspace\BiswajitFramework\RESULT\2023\August\14\Screenshot\09_47_50_TC_09.png"")"
"Si_No","TestCase_No","Status","=HYPERLINK(""Screenshot_Path"")"
"4","TC_04","PASS","=HYPERLINK(""C:\Users\biswa\eclipse-workspace\BiswajitFramework\RESULT\2023\August\14\Screenshot\09_49_02_TC_04.png"")"
"9","TC_09","PASS","=HYPERLINK(""C:\Users\biswa\eclipse-workspace\BiswajitFramework\RESULT\2023\August\14\Screenshot\09_49_05_TC_09.png"")"
"16","TC_16","PASS","=HYPERLINK(""C:\Users\biswa\eclipse-workspace\BiswajitFramework\RESULT\2023\August\14\Screenshot\09_49_17_TC_16.png"")"
"29","TC_29","PASS","=HYPERLINK(""C:\Users\biswa\eclipse-workspace\BiswajitFramework\RESULT\2023\August\14\Screenshot\09_49_39_TC_29.png"")"
"37","TC_37","PASS","=HYPERLINK(""C:\Users\biswa\eclipse-workspace\BiswajitFramework\RESULT\2023\August\14\Screenshot\09_50_12_TC_37.png"")"
